DELETE
FROM MESSAGE_READ_BY;
DELETE
FROM CHAT_MESSAGES;
DELETE
FROM CHAT_ADMINS;
DELETE
FROM CHAT_USERS;
DELETE
FROM MESSAGE;
DELETE
FROM CHAT;
DELETE
FROM APP_USER;

INSERT INTO APP_USER(id, email, password, full_name)
VALUES ('be900497-cc68-4504-9b99-4e5deaf1e6c0', 'luke.skywalker@test.com',
        '$2a$12$y2uaorJLa.mxyJNUO2ThZ.OEvkKer/FCH49aOT/cY0qw6S2IFTPGK', 'Люк Скайуокер'), -- Password: luke
       ('f290f384-60ba-4cdd-af96-26c88ede0264', 'darth.vader@test.com',
        '$2a$12$KWVFqOfe2Eo.CtAO9Z56oOHdZmwl3EgGTLa4NXgG8IWqFQrt7XYoK', 'Дарт Вейдер'),
       ('d7083ad6-9e09-453e-b7c8-65016f20ea37', 'obiwan.kenobi@test.com',
        '$2a$12$XsRUkOreHBfd1qpUzSAwvO0ASRGH7trf.FrFQ1E8cDSIGRwy/Pirm', 'Оби-Ван Кеноби'),
       ('0fb97ac1-1304-4e83-b640-f659b8679907', 'leia.organa@test.com',
        '$2a$12$gGvELv.hL0SYa/dGILWz8.srw/H.5vasp6sRrCfEEyj7LDg0JpZtu', 'Лея Органа'),
       ('4e039f0a-5eaf-4354-ad5b-14e2889643d4', 'han.solo@test.com',
        '$2a$12$t9aiOarVQAZ2K5tFes3yGO22w/EWA5YyHjZ5Q/6jVQtIA2r3Tgsx2', 'Хан Соло'),
       ('c419a854-010a-4a50-be82-f4587014d6e4', 'imperator.palpatine@test.com',
        '$2a$12$YH2XhBwfEzLeU/RvhywwFu.OCzEFImnNq1nTJQWr6LlpR8IY1QSZe', 'Император Палпатин'),
       ('6f8e857c-c22f-44a1-bd97-8c2f9ce688d7', 'master.yoda@test.com',
        '$2a$12$BaM1AfZT4Vt5PECAgiqr5OKhbtKIDnvruHe1QO2jcir8YnKRXeL1m', 'Мастер Йода'),
       ('cd467a4d-8430-4545-ad3a-634ce007af46', 'chewbacca@test.com',
        '$2a$12$ORtN4.IxNhehhh.MiuenG.AGvYqnl3QXnRoxExr61B30J6eoJycXK', 'Чубакка'),
       ('f3496e0e-01e5-413b-9803-98f345f15431', 'ackbar@test.com',
        '$2a$12$a0.xyMFDgIQe/7u3ZflfnOw1v8Et9/XT8/IQmkfYbaRJjbs99872', 'Адмирал Акбар'),
       ('88b59305-f8fa-4a42-b348-681dedb82f43', 'boba.fett@test.com',
        '$2a$12$C2uGQJUAZLafLCmU0ov4CuOw1sGKzNyv4/TmDWo1BNuEz9fON8PKq', 'Боба Фетт'),
       ('f9f7f33d-9a34-4e5b-9d31-84523c7a0bfd', 'lando.calrissian@test.com',
        '$2a$12$fVAV7nQT4xsTIROCDZbipi12vMfwI5ywKLY4vAo44D.YeAv3jHw9S', 'Ландо Калриссиан'),
       ('4ec5de56-95f8-4f3f-a6fd-6025a5398e48', 'c3po@test.com',
        '$2a$12$e2k.5KiKIR4i5eH2qBd9zuAWOoQvT6PUPyT.fWtMqr.vtknLMGcr.', 'Си-3ПО'),
       ('605dd929-2fef-4fea-b2b9-9b16b74f71c2', 'r2d2@test.com',
        '$2a$12$yN82GK/g4DYSZ.LipBJ9Wu2W1m7geHyp.sEtOz/YaQ/z2cGLGgJW6', 'Ар-2 Ди-2'),
       ('ab000497-cc68-4504-9c99-4e5dfab1e5b0', 'anakin.skywalker@test.com',
        '$2a$12$y2naorJLa.mxyJNVO2ThZ.OEpkKer/FCH59aOT/cY0qw6T2IFTSRK', 'Энакин Скайуокер'),
       ('00ee271e-2a8b-48b8-9738-6f09be014c92', 'padme.amidala@test.com',
        '$2a$12$EKVFqOfe2Eo.QtAL9Z56oOXdZm1f3EgGTLa4NXdG8IVqFQrt7YZoL', 'Падме Амидала'),
       ('1f475795-ff2d-4875-be26-21f499d046d1', 'count.dooku@test.com',
        '$2a$12$XsRKkOreHBfd1qpUzSRwvO0KSRGH7trf.FrFQ2E8cDSGGRwy/Pibn', 'Граф Дуку'),
       ('1fb97ec1-1300-4e80-b640-f659b8678907', 'mace.windu@test.com',
        '$2a$12$gGwELv.hL1SYa/dGHLWz8.srw/H.5vsap6sRrCfEEyj7MDg0JqZdu', 'Мейс Винду'),
       ('586a0149-0fd0-407d-86ae-6f790b11b39c', 'jar.jar.binks@test.com',
        '$2a$12$t9biOarVQAZ2K5tFes3yGO21w/EXA5YyHjZ5Q/6jVQtIA2r3Tgsx2', 'Джар Джар Бинкс'),
       ('d419a854-010a-4a50-be82-f4587014d6e4', 'qui.gon.jinn@test.com',
        '$2a$12$YH2XhBwfEzLeU/RvhywwFu.OCzEXImfNq1nTJQWr7LlpR8IY1TSZe', 'Квай-Гон Джинн'),
       ('9868fffe-58e7-42d7-ba74-3184c776eb9d', 'darth.maul@test.com',
        '$2a$12$BaS1AfZT4Vt5PECAgiqr5OKhistorvcruHe2QO2jcir8YnKRXeL1m', 'Дарт Мол'),
       ('074c75a5-32d6-4396-82c8-247faab12225', 'owen.lars@test.com',
        '$2a$12$ORtN8.IxNheschs.MiuenG.AGvYqnl3QXnRosExr61B30J6eoJccXK', 'Оуэн Ларс'),
       ('0e88343e-9c14-4b52-b964-2c597afc12e8', 'beru.lars@test.com',
        '$2a$12$a0.xyMJFDgIQe/7u3ZflfnCw1v8Et9/XT8/IQmkfYbaRJjbs99872', 'Беру Ларс'),
       ('cb8c3bb2-bdc6-4076-a45a-f626e193bffc', 'jango.fett@test.com',
        '$2a$12$C2uGQJUAZLsflcmU0ov4CvOw1sGKzNyv4/TmDWo1BNuEz9fON8PKq', 'Джанго Фетт'),
       ('db900497-dc68-4504-9b99-6e5debf1e7c2', 'kylo.ren@test.com',
        '$2a$12$ycleorJLa.mxyJNUO2ThZ.OEvkKer/FCH49aOT/cY0qw6S2IFTPGX', 'Кайло Рен'),
       ('e390f384-70ba-4cdd-af96-36c88ede0266', 'rey@test.com',
        '$2a$12$KXVFqOfe2Eo.CtAO9Z56oOHdZmwd3EgGTLa4NXgG8IWqFQrt7XY0Z', 'Рей'),
       ('e0163ad6-9e09-453e-b8c8-76026f30ea38', 'finn@test.com',
        '$2a$12$YsRUkOreHBfd1qpUzSAwvO0BSRGH7trf.FrFQ1E8cDSIGRwy/Pjrm', 'Финн'),
       ('1fb97ec1-1404-4e83-b650-f669b8689908', 'poe.dameron@test.com',
        '$2a$12$gHvELv.hL0SYa/dGILWz8.srw/H.5vasp6sRrCfEEyj7LDg0JpZtv', 'По Дэмерон'),
       ('5e433f0a-5eaf-4354-ae5b-15e2889643d6', 'bb8@test.com',
        '$2a$12$txaiOarVQAZ2K5tFes3yGO22w/EWA5yyHjZ5Q/6jVQtIA3r3Tgsx4', 'ББ-8'),
       ('d519a854-010a-4a50-be82-f5587014d7e6', 'phasma@test.com',
        '$2a$12$ZH2XhBwfEzLeU/RvhywwFu.OCzEFImnNq1nTJQWr6LlpR8IY2QSZf', 'Фазма'),
       ('7f8e857c-c22f-44a1-be97-8d2f9ce688d9', 'hux@test.com',
        '$2a$12$CxM1AzZT4Vt5PECAgiqr5OKhbtKIDnvruHe1QO2jcir8YnKRXeM1n', 'Хакс'),
       ('ee467a4d-8430-4545-ae3a-634ce008af49', 'snoke@test.com',
        '$2a$12$ORvN5.IxNhehhh.MiuenG.AGvYqnl3QXnRoxExr62B30J6eoJycYK', 'Сноук'),
       ('2091629d-8119-4fd7-9c7f-8a7bfd71a035', 'sebulba@test.com',
        '$2a$12$sydeorJLa.mxyJNUO2ThZ.OEvKeer/FCH49aOT/cYqw6S2IFTMKX', 'Себульба'),
       ('6cffecfb-f67e-452e-bb58-5a537dc6b099', 'tauntaun@test.com',
        '$2a$12$QsRUkOreHBfd1qpUzSAwvO0ESRGH7trf.FrFQ1E8cDSIGRwy/PPjrm', 'Таунтаун'),
       ('b7bca0b3-1231-4b9d-b01c-60cea13f9aa2', 'jabba.the.hutt@test.com',
        '$2a$12$RHvELv.hL0SYa/dGILWz8.srw/H.5vmsp6sRrCfEEyj7LDg0JPZtv', 'Джабба Хатт'),
       ('7f97eef4-2539-439c-b8bb-212b9c0c6116', 'greedo@test.com',
        '$2a$12$mxaiOarVQAZ2K5tFes3yGO22w/EWA5yyHjZ5Q/6jVQtIA3r3Tgsx7', 'Гридо'),
       ('1af7264f-9e3e-4973-b712-ee8dea817d58', 'wicket@test.com',
        '$2a$12$IH2XhBwfEzLeU/RvhywwFu.OCzEFImnNq1nTJQWr6LlpR8IY2QSZa', 'Викет'),
       ('4824b514-d8bf-4121-887d-9353d844e246', 'mon.motheema@test.com',
        '$2a$12$ZxM1AzZT4Vt5PECAgiqr5OKhbtKIDnvruHe1QO2jcir8YnKZXeM1h', 'Мон Мотма'),
       ('bb14d1e8-3f89-4fb5-8972-f61f2ff195b8', 'ashoka.tano@test.com',
        '$2a$15$OXvN5.IxNhehhh.MiuenG.AGvYqnl3QXnRoxExr62B30J6eoJycHK', 'Асока Тано');

INSERT INTO CHAT(id, chat_name, is_group, created_by_id)
VALUES ('0bd20a41-4d23-4c4e-a8aa-8e46743f9ee4', 'Дарт Вейдер и Люк', false, 'f290f384-60ba-4cdd-af96-26c88ede0264'),
       ('c40e7df3-7e67-4955-96b5-25e8769ec9bc', 'Люк и Лея', false, 'be900497-cc68-4504-9b99-4e5deaf1e6c0'),
       ('ac63914e-151e-444f-b44c-f67a3374f1f1', 'Добряки', true, 'be900497-cc68-4504-9b99-4e5deaf1e6c0'),
       ('f476eee8-9a39-4fd2-906f-9e7a746ef167', 'Темная сторона', true, 'c419a854-010a-4a50-be82-f4587014d6e4'),
       ('8a3ad4c8-3c57-43c3-aed7-f3af68da5135', 'Лея и Кеноби', false, 'd7083ad6-9e09-453e-b7c8-65016f20ea37'),
       ('7d81a13c-e835-455a-bc99-3fb6001fb0d5', 'Люк и Йода', false, '6f8e857c-c22f-44a1-bd97-8c2f9ce688d7'),
       ('74397056-5ede-4533-8dfe-5d8367d588d2', 'Чубакка и Хан', false, 'cd467a4d-8430-4545-ad3a-634ce007af46'),
       ('731ecf77-95b1-409c-8db8-a6f1aeb192bb', 'Семья Скайуокеров', true, 'be900497-cc68-4504-9b99-4e5deaf1e6c0'),
       ('51b918c3-ea54-4079-b0b8-f5f7edd92eb9', 'Чубакка и Люк', false, 'be900497-cc68-4504-9b99-4e5deaf1e6c0'),
       ('fc38b854-69f6-49ee-aa51-da00ea5eb191', 'Ар-2 Ди-2 и Люк', false, 'be900497-cc68-4504-9b99-4e5deaf1e6c0');

INSERT INTO CHAT_ADMINS(admins_id, chat_id)
VALUES ('be900497-cc68-4504-9b99-4e5deaf1e6c0', 'ac63914e-151e-444f-b44c-f67a3374f1f1'),
       ('c419a854-010a-4a50-be82-f4587014d6e4', 'f476eee8-9a39-4fd2-906f-9e7a746ef167'),
       ('be900497-cc68-4504-9b99-4e5deaf1e6c0', '731ecf77-95b1-409c-8db8-a6f1aeb192bb');

INSERT INTO CHAT_USERS(chat_id, users_id)
VALUES ('0bd20a41-4d23-4c4e-a8aa-8e46743f9ee4', 'f290f384-60ba-4cdd-af96-26c88ede0264'),
       ('0bd20a41-4d23-4c4e-a8aa-8e46743f9ee4', 'be900497-cc68-4504-9b99-4e5deaf1e6c0'),
       ('c40e7df3-7e67-4955-96b5-25e8769ec9bc', 'be900497-cc68-4504-9b99-4e5deaf1e6c0'),
       ('c40e7df3-7e67-4955-96b5-25e8769ec9bc', '0fb97ac1-1304-4e83-b640-f659b8679907'),
       ('ac63914e-151e-444f-b44c-f67a3374f1f1', 'be900497-cc68-4504-9b99-4e5deaf1e6c0'),
       ('ac63914e-151e-444f-b44c-f67a3374f1f1', 'd7083ad6-9e09-453e-b7c8-65016f20ea37'),
       ('ac63914e-151e-444f-b44c-f67a3374f1f1', '0fb97ac1-1304-4e83-b640-f659b8679907'),
       ('ac63914e-151e-444f-b44c-f67a3374f1f1', '4e039f0a-5eaf-4354-ad5b-14e2889643d4'),
       ('f476eee8-9a39-4fd2-906f-9e7a746ef167', 'f290f384-60ba-4cdd-af96-26c88ede0264'),
       ('f476eee8-9a39-4fd2-906f-9e7a746ef167', 'c419a854-010a-4a50-be82-f4587014d6e4'),
       ('8a3ad4c8-3c57-43c3-aed7-f3af68da5135', '0fb97ac1-1304-4e83-b640-f659b8679907'),
       ('8a3ad4c8-3c57-43c3-aed7-f3af68da5135', 'd7083ad6-9e09-453e-b7c8-65016f20ea37'),
       ('7d81a13c-e835-455a-bc99-3fb6001fb0d5', '6f8e857c-c22f-44a1-bd97-8c2f9ce688d7'),
       ('7d81a13c-e835-455a-bc99-3fb6001fb0d5', 'be900497-cc68-4504-9b99-4e5deaf1e6c0'),
       ('74397056-5ede-4533-8dfe-5d8367d588d2', 'cd467a4d-8430-4545-ad3a-634ce007af46'),
       ('74397056-5ede-4533-8dfe-5d8367d588d2', '4e039f0a-5eaf-4354-ad5b-14e2889643d4'),
       ('731ecf77-95b1-409c-8db8-a6f1aeb192bb', 'be900497-cc68-4504-9b99-4e5deaf1e6c0'),
       ('731ecf77-95b1-409c-8db8-a6f1aeb192bb', '0fb97ac1-1304-4e83-b640-f659b8679907'),
       ('731ecf77-95b1-409c-8db8-a6f1aeb192bb', 'f290f384-60ba-4cdd-af96-26c88ede0264'),
       ('51b918c3-ea54-4079-b0b8-f5f7edd92eb9', 'be900497-cc68-4504-9b99-4e5deaf1e6c0'),
       ('51b918c3-ea54-4079-b0b8-f5f7edd92eb9', 'cd467a4d-8430-4545-ad3a-634ce007af46'),
       ('fc38b854-69f6-49ee-aa51-da00ea5eb191', 'be900497-cc68-4504-9b99-4e5deaf1e6c0'),
       ('fc38b854-69f6-49ee-aa51-da00ea5eb191', '605dd929-2fef-4fea-b2b9-9b16b74f71c2');

INSERT INTO MESSAGE(id, content, time_stamp, user_id, chat_id)
VALUES ('a284a44a-7b28-45da-8463-3a35417715f0', 'Я твой отец', '2024-04-22 20:01:07.535241 +00:00',
        'f290f384-60ba-4cdd-af96-26c88ede0264', '0bd20a41-4d23-4c4e-a8aa-8e46743f9ee4'),
       ('37afbdc4-89b4-4961-b825-bb4d666e5442', 'Нееее', '2024-04-22 20:02:08.535241 +00:00',
        'be900497-cc68-4504-9b99-4e5deaf1e6c0', '0bd20a41-4d23-4c4e-a8aa-8e46743f9ee4'),
       ('620d606a-9033-4210-b9c0-982e0f3800ef', 'Кстати, я только что узнала, что я твоя сестра',
        '2024-04-20 20:03:08.535241 +00:00', '0fb97ac1-1304-4e83-b640-f659b8679907',
        'c40e7df3-7e67-4955-96b5-25e8769ec9bc'),
       ('15733d9e-939d-497b-b042-fd2fe54d7430', 'Приятно знать 😁', '2024-04-21 20:04:08.535241 +00:00',
        'be900497-cc68-4504-9b99-4e5deaf1e6c0', 'c40e7df3-7e67-4955-96b5-25e8769ec9bc'),
       ('6bd25bf8-dba1-46b1-8821-ba838d4a84ae', 'Мы победили!', '2024-04-22 20:05:08.535241 +00:00',
        'be900497-cc68-4504-9b99-4e5deaf1e6c0', 'ac63914e-151e-444f-b44c-f67a3374f1f1'),
       ('08db069b-e3d5-4cff-b17e-b3af15bb667f', 'Сила будет с тобой всегда',
        '2024-04-23 11:33:07.535241 +00:00', '6f8e857c-c22f-44a1-bd97-8c2f9ce688d7',
        '7d81a13c-e835-455a-bc99-3fb6001fb0d5'),
       ('1b5bd428-9cc7-480b-8f8c-6cee22e6b76e', 'У меня очень нехорошее предчувствие насчет этого',
        '2024-04-23 11:35:08.535241 +00:00', '4e039f0a-5eaf-4354-ad5b-14e2889643d4',
        '74397056-5ede-4533-8dfe-5d8367d588d2'),
       ('81c67b8c-51f4-46e3-b7eb-8c73db374a2d', 'РРВВВГГГ', '2024-04-23 11:36:09.535241 +00:00',
        'cd467a4d-8430-4545-ad3a-634ce007af46', '74397056-5ede-4533-8dfe-5d8367d588d2'),
       ('15dcca4f-b7d1-4b55-be30-bf5950a770a1', 'Присоединяйся ко мне, и вместе мы сможем править галактикой!',
        '2024-04-24 09:00:00.000000 +00:00', 'f290f384-60ba-4cdd-af96-26c88ede0264',
        '0bd20a41-4d23-4c4e-a8aa-8e46743f9ee4'),
       ('2658df83-821a-4e4c-94a5-7fbc19249368', 'Я никогда не присоединюсь к тебе!', '2024-04-24 09:10:00.000000 +00:00',
        'be900497-cc68-4504-9b99-4e5deaf1e6c0', '0bd20a41-4d23-4c4e-a8aa-8e46743f9ee4'),
       ('5c33a3a0-5598-42aa-8810-9408da913b3a', 'Помоги мне, Оби-Ван Кеноби, ты моя единственная надежда.',
        '2024-04-24 09:30:00.000000 +00:00', '0fb97ac1-1304-4e83-b640-f659b8679907',
        '8a3ad4c8-3c57-43c3-aed7-f3af68da5135'),
       ('33d814e7-06fa-4dfc-a290-ccc4ca5664b2', 'Всегда передавай то, чему научился.',
        '2024-04-24 10:00:00.000000 +00:00', '6f8e857c-c22f-44a1-bd97-8c2f9ce688d7',
        '7d81a13c-e835-455a-bc99-3fb6001fb0d5'),
       ('84e38fc1-07cf-4083-b442-94d216a8320a', 'Делай или не делай, но не пытайся.', '2024-04-24 10:30:41.000000 +00:00',
        '6f8e857c-c22f-44a1-bd97-8c2f9ce688d7', '7d81a13c-e835-455a-bc99-3fb6001fb0d5'),
       ('14a8cd52-439d-4284-8c8e-2a1ca21e1d56', 'Пусть Сила будет с нами.', '2024-04-24 16:00:40.000000 +00:00',
        'be900497-cc68-4504-9b99-4e5deaf1e6c0', '731ecf77-95b1-409c-8db8-a6f1aeb192bb'),
       ('7c27b77a-d4f6-4e5d-9ca9-1b68254def39', 'Спасибо за твой совет!',
        '2024-04-24 16:30:13.000000 +00:00', 'be900497-cc68-4504-9b99-4e5deaf1e6c0',
        '7d81a13c-e835-455a-bc99-3fb6001fb0d5'),
       ('0bd7a29b-8bb2-4a6c-8206-61f068e43b94', 'Добро пожаловать, ты есть!',
        '2024-04-25 16:42:56.000000 +00:00',
        '6f8e857c-c22f-44a1-bd97-8c2f9ce688d7', '7d81a13c-e835-455a-bc99-3fb6001fb0d5'),
       ('72e84e37-a99a-4634-bac2-5f9c2f7c7975', 'Еще не всё кончено 😅', '2024-04-25 16:43:11.000000 +00:00',
        '4e039f0a-5eaf-4354-ad5b-14e2889643d4', 'ac63914e-151e-444f-b44c-f67a3374f1f1'),
       ('0e223052-e532-4c74-8efa-1c8fb7e8b49a', 'Тебе нужно оставаться сосредоточенным, Люк!',
        '2024-04-25 17:21:10.000000 +00:00', '4e039f0a-5eaf-4354-ad5b-14e2889643d4', 'ac63914e-151e-444f-b44c-f67a3374f1f1'),
       ('6fc16add-dc1b-42b3-9942-82b52d47684e', 'Давай, Хан, дай ему отпраздновать 🥳',
        '2024-04-25 17:24:00.000000 +00:00', '0fb97ac1-1304-4e83-b640-f659b8679907', 'ac63914e-151e-444f-b44c-f67a3374f1f1'),
       ('9230fbb8-5365-4409-baeb-47c3249b5d12', 'Нужно ценить маленькие победы',
        '2024-04-25 17:24:31.000000 +00:00',
        '0fb97ac1-1304-4e83-b640-f659b8679907', 'ac63914e-151e-444f-b44c-f67a3374f1f1'),
       ('85c6cb71-5770-4320-890f-43e70917dcaa', 'Я просто говорю ...', '2024-04-25 17:43:11.000000 +00:00',
        '4e039f0a-5eaf-4354-ad5b-14e2889643d4', 'ac63914e-151e-444f-b44c-f67a3374f1f1'),
       ('84eb294a-9e0a-4634-aaad-4cfde087cff0', 'РРВВВГГГ', '2024-04-09 17:42:51.000000 +00:00',
        'cd467a4d-8430-4545-ad3a-634ce007af46', '51b918c3-ea54-4079-b0b8-f5f7edd92eb9'),
       ('b57bba0d-90f6-409e-a00b-c109bfbfce14', 'Бип буп бип!', '2024-04-12 17:42:51.000000 +00:00',
        '605dd929-2fef-4fea-b2b9-9b16b74f71c2', 'fc38b854-69f6-49ee-aa51-da00ea5eb191');

-- 'У меня плохое предчувствие насчет этого.'

INSERT INTO CHAT_MESSAGES(chat_id, messages_id)
VALUES ('0bd20a41-4d23-4c4e-a8aa-8e46743f9ee4', 'a284a44a-7b28-45da-8463-3a35417715f0'),
       ('0bd20a41-4d23-4c4e-a8aa-8e46743f9ee4', '37afbdc4-89b4-4961-b825-bb4d666e5442'),
       ('c40e7df3-7e67-4955-96b5-25e8769ec9bc', '620d606a-9033-4210-b9c0-982e0f3800ef'),
       ('c40e7df3-7e67-4955-96b5-25e8769ec9bc', '15733d9e-939d-497b-b042-fd2fe54d7430'),
       ('ac63914e-151e-444f-b44c-f67a3374f1f1', '6bd25bf8-dba1-46b1-8821-ba838d4a84ae'),
       ('7d81a13c-e835-455a-bc99-3fb6001fb0d5', '08db069b-e3d5-4cff-b17e-b3af15bb667f'),
       ('74397056-5ede-4533-8dfe-5d8367d588d2', '1b5bd428-9cc7-480b-8f8c-6cee22e6b76e'),
       ('74397056-5ede-4533-8dfe-5d8367d588d2', '81c67b8c-51f4-46e3-b7eb-8c73db374a2d'),
       ('0bd20a41-4d23-4c4e-a8aa-8e46743f9ee4', '15dcca4f-b7d1-4b55-be30-bf5950a770a1'),
       ('0bd20a41-4d23-4c4e-a8aa-8e46743f9ee4', '2658df83-821a-4e4c-94a5-7fbc19249368'),
       ('8a3ad4c8-3c57-43c3-aed7-f3af68da5135', '5c33a3a0-5598-42aa-8810-9408da913b3a'),
       ('7d81a13c-e835-455a-bc99-3fb6001fb0d5', '33d814e7-06fa-4dfc-a290-ccc4ca5664b2'),
       ('7d81a13c-e835-455a-bc99-3fb6001fb0d5', '84e38fc1-07cf-4083-b442-94d216a8320a'),
       ('731ecf77-95b1-409c-8db8-a6f1aeb192bb', '14a8cd52-439d-4284-8c8e-2a1ca21e1d56'),
       ('7d81a13c-e835-455a-bc99-3fb6001fb0d5', '7c27b77a-d4f6-4e5d-9ca9-1b68254def39'),
       ('7d81a13c-e835-455a-bc99-3fb6001fb0d5', '0bd7a29b-8bb2-4a6c-8206-61f068e43b94'),
       ('ac63914e-151e-444f-b44c-f67a3374f1f1', '72e84e37-a99a-4634-bac2-5f9c2f7c7975'),
       ('ac63914e-151e-444f-b44c-f67a3374f1f1', '0e223052-e532-4c74-8efa-1c8fb7e8b49a'),
       ('ac63914e-151e-444f-b44c-f67a3374f1f1', '6fc16add-dc1b-42b3-9942-82b52d47684e'),
       ('ac63914e-151e-444f-b44c-f67a3374f1f1', '9230fbb8-5365-4409-baeb-47c3249b5d12'),
       ('ac63914e-151e-444f-b44c-f67a3374f1f1', '85c6cb71-5770-4320-890f-43e70917dcaa'),
       ('51b918c3-ea54-4079-b0b8-f5f7edd92eb9', '84eb294a-9e0a-4634-aaad-4cfde087cff0'),
       ('fc38b854-69f6-49ee-aa51-da00ea5eb191', 'b57bba0d-90f6-409e-a00b-c109bfbfce14');

INSERT INTO MESSAGE_READ_BY(message_id, read_by)
VALUES ('08db069b-e3d5-4cff-b17e-b3af15bb667f', 'be900497-cc68-4504-9b99-4e5deaf1e6c0'),
       ('33d814e7-06fa-4dfc-a290-ccc4ca5664b2', 'be900497-cc68-4504-9b99-4e5deaf1e6c0'),
       ('84e38fc1-07cf-4083-b442-94d216a8320a', 'be900497-cc68-4504-9b99-4e5deaf1e6c0'),
       ('7c27b77a-d4f6-4e5d-9ca9-1b68254def39', 'be900497-cc68-4504-9b99-4e5deaf1e6c0'),
       ('a284a44a-7b28-45da-8463-3a35417715f0', 'be900497-cc68-4504-9b99-4e5deaf1e6c0'),
       ('37afbdc4-89b4-4961-b825-bb4d666e5442', 'be900497-cc68-4504-9b99-4e5deaf1e6c0'),
       ('15dcca4f-b7d1-4b55-be30-bf5950a770a1', 'be900497-cc68-4504-9b99-4e5deaf1e6c0'),
       ('2658df83-821a-4e4c-94a5-7fbc19249368', 'be900497-cc68-4504-9b99-4e5deaf1e6c0'),
       ('620d606a-9033-4210-b9c0-982e0f3800ef', 'be900497-cc68-4504-9b99-4e5deaf1e6c0'),
       ('15733d9e-939d-497b-b042-fd2fe54d7430', 'be900497-cc68-4504-9b99-4e5deaf1e6c0'),
       ('84eb294a-9e0a-4634-aaad-4cfde087cff0', 'be900497-cc68-4504-9b99-4e5deaf1e6c0'),
       ('b57bba0d-90f6-409e-a00b-c109bfbfce14', 'be900497-cc68-4504-9b99-4e5deaf1e6c0');
